customer_id,engagement,transactions_per_month,support_tickets,churn
1,6.550984395477603,6.243561663863074,0.0,0
2,11.999854549170351,14.310000289738827,5.0,0
3,11.905657467599989,11.247915185359671,0.0,0
4,10.437532118099526,9.381218778758512,8.0,1
5,4.1526984411148105,3.1842609661941115,5.0,1
6,5.053673939916332,3.183923284706837,0.0,0
7,3.2558558977243965,1.8131705703547925,4.0,0
8,13.920847577914287,13.126466040849092,2.0,0
9,9.294223483581463,9.415610164404923,6.0,1
10,8.039553674161972,10.913016089144637,10.0,1
11,2.0314224392406075,1.2881829201412343,0.0,0
12,14.938037629060101,14.57873793026792,5.0,0
13,13.1240283595539,12.654196971205904,4.0,0
14,1.7639725133267308,3.972747549495866,8.0,1
15,1.6753217259931148,3.5455495408994087,6.0,1
16,5.389617574213997,3.5676631379480734,2.0,0
17,5.190960985261515,5.259391401433528,4.0,0
18,9.525586249305968,8.346590042851329,2.0,0
19,7.096221051695319,7.047230260989621,9.0,1
20,5.1286860841002255,5.077207962772587,5.0,0
21,11.18917151045179,9.565940526113312,13.0,1
22,2.0601566693125286,2.9529140491285855,5.0,0
23,5.256314023600956,5.090025079493055,2.0,0
24,5.3293295566519605,6.129065806111684,0.0,0
25,6.633301305580597,7.384979779038503,0.0,0
26,11.457595685901444,11.99246345950219,0.0,0
27,4.17972437514336,3.7954329502170365,6.0,1
28,7.371047022312745,8.199282137790561,7.0,1
29,11.466262061310786,9.293803964068594,0.0,0
30,0.10263514524022632,1.6503057780799681,9.0,1
31,9.182339982220986,9.505627926620138,3.0,0
32,2.626603000807759,3.3873377316220816,6.0,1
33,4.413994041725871,1.9107223017939132,12.0,1
34,14.62443728491169,14.284397521546666,9.0,1
35,16.30393951632457,14.518848463043831,4.0,0
36,9.747543428276494,12.317562873630456,2.0,0
37,5.726589728381008,5.26459276842719,0.0,0
38,3.9064708725179202,2.367409596089374,2.0,0
39,10.72161367261668,10.579262371170197,4.0,0
40,9.005415961217475,7.162134912354418,1.0,0
41,1.8136262691532599,2.7085352878269036,4.0,0
42,10.370647813078836,7.932476741557783,5.0,1
43,5.458533049474361,1.4814392956130575,4.0,0
44,13.10277491954234,13.73048562910295,2.0,0
45,3.8522003803769014,4.622919742400237,6.0,0
46,12.78966712636937,10.275311980955747,7.0,1
47,8.096614877365885,5.363955065251753,1.0,0
48,7.376404449514197,8.280952296489351,11.0,1
49,7.927020717230081,8.653943910805914,5.0,1
50,3.100475004028701,3.5879623773573783,5.0,1
51,12.24828540461452,14.57418478870382,8.0,1
52,10.262591659637941,11.851859527055604,6.0,1
53,12.41582165541757,14.152985181898648,9.0,1
54,12.199293118356941,13.527582905987083,6.0,0
55,9.31059484817606,9.370599703355191,3.0,0
56,14.311430777611818,13.906239290323636,6.0,1
57,4.921260881295225,2.2388950287268727,1.0,0
58,2.0166075833899244,3.7437600738680326,6.0,1
59,3.336059794112023,1.633182044747533,5.0,0
60,5.18442393017557,5.554624630685701,4.0,0
61,6.355909837954039,6.441482055652748,5.0,0
62,5.966324166282767,4.798886444834543,0.0,0
63,10.660016030824233,12.60232512812701,3.0,0
64,6.656115434608657,5.99454657371025,5.0,0
65,5.221045455831918,4.933083135623331,6.0,1
66,9.449685850949576,8.597745164215478,1.0,0
67,3.4732009036072022,2.972939149646677,10.0,1
68,16.4784269726024,12.230757730556554,1.0,0
69,0.9404188387620152,2.0437090115167917,9.0,1
70,13.897792380254097,14.816417112407242,7.0,1
71,10.733393659438361,11.811426770153204,2.0,0
72,2.821044125331173,3.7820195414784137,12.0,1
73,-0.025370090509841958,1.0773096397304336,0.0,0
74,14.473458597183743,12.416459998367678,9.0,1
75,13.353475162889088,10.89600281386664,9.0,1
76,10.218709264387227,11.206100352573822,2.0,0
77,10.357809712132925,11.79778485360324,10.0,1
78,2.852174036825744,2.036625124277265,4.0,0
79,5.063174333013736,6.018520199619816,6.0,1
80,3.71713887806885,2.622166833351816,6.0,1
81,13.434504788331058,13.08344796225831,4.0,0
82,7.103936456640598,9.72617377558581,8.0,1
83,8.309756346238096,5.632572347937089,8.0,1
84,4.996685278459584,1.8898169040043309,0.0,0
85,4.293628069481283,5.353752504019271,10.0,1
86,4.881842809685206,5.552566508374459,0.0,0
87,11.709033622686983,11.214486496732897,9.0,1
88,10.504414845650537,9.925804598972984,9.0,1
89,14.560259987792568,13.420978396068572,1.0,0
90,11.088662804333074,7.61100895226729,3.0,0
91,2.3682007395715186,2.674319443136224,1.0,0
92,9.604372788070405,10.98542702112193,4.0,0
93,9.264768416171432,11.650990680636564,4.0,0
94,7.593371796873427,8.857880765972947,8.0,1
95,11.736230856292185,11.793540519363853,10.0,1
96,11.017723452987243,7.91313834910147,10.0,1
97,7.422792064015339,8.318259611347916,3.0,0
98,7.37272741335499,6.985574257019695,4.0,0
99,1.3274561642114715,1.3558677744173326,0.0,0
100,4.566400340971448,2.5104799779062623,2.0,0
101,5.811601696375645,1.4400085996142795,9.0,1
102,8.991342780540771,9.909745757692926,11.0,1
103,4.554253499512049,5.400983735068573,0.0,0
104,9.926387993635332,8.119989676305838,3.0,0
105,14.88560291201882,13.705930634965302,5.0,0
106,7.684894881607587,4.490091208084249,6.0,1
107,7.755556683112735,6.745360922498817,2.0,0
108,10.956140622541069,11.577715939602681,7.0,1
109,5.225007173980409,4.2031743168827145,3.0,0
110,3.9957759320115325,2.077718737603102,5.0,1
111,6.475954514264192,5.056520340792752,7.0,1
112,4.134682095371687,3.257098021556062,5.0,1
113,15.86111434578526,14.015767132796023,3.0,0
114,14.336566685372851,12.313685313901837,5.0,0
115,12.25878764564085,9.867652591145928,5.0,0
116,14.32271636815813,13.200448262628047,4.0,0
117,11.962294797639444,12.251409076587603,4.0,0
118,3.8657955019341506,3.611980824404502,12.0,1
119,15.583086490919145,13.495825978859688,7.0,1
120,7.137492676011192,8.55079138681911,4.0,0
121,12.941966996646995,12.304162172296875,8.0,1
122,12.86480205360257,13.545278198928905,4.0,0
123,5.501777193283329,5.452048649606095,10.0,1
124,4.752448665698101,2.5407269433874746,7.0,1
125,4.521693663261616,4.191092275587184,4.0,1
126,7.059844269077726,6.979509040767589,7.0,1
127,10.099655599019643,12.452206722914903,0.0,0
128,14.341246834815902,13.050228165588809,0.0,0
129,2.21401746081073,1.0973298274366698,0.0,0
130,11.892892907404367,8.15046223608592,6.0,0
131,6.311297697614214,6.843754044082906,12.0,1
132,4.488639413448838,4.109509346590223,14.0,1
133,3.1095489154911657,2.678115142671559,7.0,1
134,8.455606573641603,5.726612399650792,7.0,1
135,14.03587458374584,14.200735854775267,0.0,0
136,6.00754828787326,5.524841048290574,3.0,0
137,9.314729666216738,8.263068704407125,2.0,0
138,11.16509920759299,10.84226542453249,3.0,0
139,5.318484280137702,6.090814433310116,4.0,0
140,14.940724845807521,14.604949158093449,3.0,0
141,16.331645056446963,14.474262129189558,0.0,0
142,2.749080673573964,4.524952141555098,8.0,1
143,8.19151661876749,7.961479082493396,1.0,0
144,4.001087327590006,5.2122963374347755,6.0,0
145,7.055197589324523,4.987766921284546,13.0,1
146,-1.118696082312471,1.5164172629634591,1.0,0
147,8.566965879938708,9.533900675718556,0.0,0
148,8.69008286906568,8.03750632520406,4.0,0
149,4.42905908807526,1.720702517499851,10.0,1
150,4.787302547656291,4.90105049931256,13.0,1
151,12.755227222353918,13.715722403533151,0.0,0
152,7.608268199469835,4.353866469337614,7.0,1
153,0.5234641615570212,3.0285282092771233,3.0,0
154,4.048404338933141,7.852338643885882,5.0,0
155,15.560331356140676,14.79910635754841,16.0,1
156,3.520219993030988,4.388773801161006,0.0,0
157,8.643164890046165,10.4098976636823,6.0,1
158,12.888131268429929,11.662674614602047,7.0,1
159,4.748700850717769,4.326925615893595,9.0,1
160,10.219172849391494,11.195028880566035,5.0,0
161,3.934037248368898,6.148963858069545,6.0,1
162,11.361632806234763,9.852281628310113,3.0,0
163,10.99426398852101,9.869415950652526,6.0,1
164,8.329271332708286,8.500845577046618,4.0,0
165,5.458738783924178,2.2640567807617162,8.0,1
166,10.842988292505089,12.694234938249332,3.0,0
167,2.8517623639045038,5.490920909604302,7.0,1
168,2.414258184703406,3.611259145597959,5.0,0
169,1.4919881734716836,1.5708519817666948,9.0,1
170,9.693478451963642,9.272501204635386,5.0,0
171,10.068562685700503,10.485901065791953,0.0,0
172,1.8412854409597195,1.2322296049899861,10.0,1
173,6.004139612340465,8.169302816189933,1.0,0
174,6.668653617817871,4.170940852771132,3.0,0
175,9.890297527113155,10.032419065732299,3.0,0
176,5.3740517947173405,3.44113000606988,11.0,1
177,11.266043182667952,10.673128333434523,0.0,0
178,7.20447791734357,6.414294848207524,18.0,1
179,15.099917237115996,14.114219842314283,9.0,1
180,3.6998290268738603,2.9252932180439055,6.0,1
181,6.886839289274469,5.774928914703619,5.0,0
182,4.888063174497353,2.588629297368247,6.0,1
183,14.285692279483422,13.945710655899878,7.0,1
184,14.509327447961862,13.282750947333735,7.0,1
185,4.455940036895276,4.6111827880121785,7.0,1
186,12.731179427206095,10.239776644478507,5.0,1
187,11.270952120254485,12.441110802817022,4.0,0
188,11.888438311328184,8.772811362392472,4.0,0
189,8.345634842369378,8.415108096984092,4.0,1
190,1.9106911459420997,4.385932072606323,10.0,1
191,2.525059387078254,2.3034387492825887,7.0,1
192,12.382801243915031,13.561020611346574,0.0,0
193,15.060166140037119,13.605852800286627,7.0,1
194,8.734380917632615,9.863420401825751,6.0,1
195,4.97451973522024,5.746417074681809,5.0,0
196,2.620028580041484,5.888934044577253,3.0,0
197,10.380889571882449,11.163379504183352,10.0,1
198,9.366232404267983,13.559543639336079,9.0,1
199,10.679058055081342,13.419209939711642,2.0,0
200,13.233774997136369,11.918257642006735,7.0,1
201,11.347877320625969,9.988443046160029,1.0,0
202,2.914001091818673,2.177959509930684,0.0,0
203,1.5899332697110542,3.2628019973245928,3.0,0
204,13.497217993253484,13.57975863937911,8.0,1
205,9.483774442607576,9.49000683523426,9.0,1
206,-0.875212189670284,1.128758722632815,7.0,0
207,5.02148066218162,2.4206016001244492,8.0,1
208,11.806861530208693,10.289024767512782,7.0,1
209,0.688594153121743,1.0708621738470616,2.0,0
210,3.2978252213055197,3.2513127198449814,7.0,1
211,9.042775308881472,8.682273051132206,8.0,1
212,7.154331445323683,10.686532767697706,8.0,1
213,9.699840761275775,10.127457633036407,10.0,1
214,2.9599375834116453,4.139770332447837,8.0,1
215,9.2377064817473,10.970509098865502,6.0,0
216,3.8351837182624986,4.3214872249552005,9.0,1
217,8.665593465679422,5.555595774229748,5.0,0
218,12.559537821644264,11.450879671652338,1.0,0
219,9.106720934336767,10.094860586661005,4.0,1
220,13.879695958664646,12.889127746918492,2.0,0
221,12.627465397498591,10.206580492204807,2.0,0
222,10.555936718135694,8.956320446696603,4.0,0
223,2.414607289555196,2.3114467495932947,2.0,0
224,5.0288206174014265,6.148021242832069,4.0,0
225,5.920759480095667,4.712833147544156,0.0,0
226,5.096584724086798,4.4158550073071705,6.0,1
227,16.170832037182215,14.622147766534239,5.0,0
228,7.602215362244453,6.503368145334646,2.0,0
229,15.304377969982035,13.488651772479585,8.0,1
230,8.909983847961898,9.83594076396168,9.0,1
231,14.406449983130463,12.127358249583079,0.0,0
232,8.378766619590541,8.03691930347269,2.0,0
233,12.666855694410735,9.076654384769027,2.0,0
234,6.702952788169142,7.895247713464094,1.0,0
235,6.736619208648504,3.7334018291726228,8.0,1
236,11.456715269051454,11.114329613661074,4.0,0
237,3.8038599279189853,4.930813074171981,4.0,0
238,0.5033010371263774,1.3404235300403538,0.0,0
239,9.482411299524175,10.03661214270035,7.0,1
240,4.213356598974,3.479549511698685,0.0,0
241,15.070925575242216,14.1664201809408,5.0,1
242,13.362499071222482,14.355000078036223,6.0,0
243,13.765968018474778,13.80810146308628,10.0,1
244,9.888349523974746,6.182221803576222,0.0,0
245,4.205042315678375,1.216392631404144,0.0,0
246,14.75129982476423,13.996459876228155,6.0,1
247,7.060324093673387,6.994578076442401,12.0,1
248,14.740821661833966,14.533167466611374,10.0,1
249,15.552065772073162,14.49067967924954,6.0,1
250,11.172701238749799,12.942132376543041,3.0,0
251,4.677023079231812,5.122284488974199,8.0,1
252,3.5047177526187236,6.391368200426953,1.0,0
253,13.60656940334313,12.915913401235997,7.0,1
254,6.556557047873629,5.4369080721878875,7.0,0
255,2.536985873827378,3.372898453605295,9.0,1
256,11.518214774908659,8.795217674416902,16.0,1
257,11.985592241256883,14.106166838250934,7.0,1
258,8.211048610686632,10.744417153449621,3.0,0
259,9.369158027359862,8.98085638125111,5.0,0
260,4.1719509763097875,2.3604709127907597,0.0,0
261,12.523296080010489,9.610101173788376,2.0,0
262,14.06688412669642,14.860753901459686,3.0,0
263,4.827294055147478,2.9611762133113366,3.0,0
264,8.18999548085609,8.256615133092314,6.0,1
265,12.984577778093758,13.283223006991376,2.0,0
266,12.899492340410806,11.370760648558862,9.0,1
267,11.886738953588967,10.758220373933751,5.0,1
268,8.10761874423678,10.83477717581953,5.0,1
269,8.587290922102373,6.032876117076572,4.0,0
270,7.497843862377999,5.1102858197029075,6.0,1
271,11.248832703087704,12.33105617669919,8.0,1
272,13.026327638355248,12.34158752550853,1.0,0
273,13.99368468239059,13.139012460121451,2.0,0
274,14.236333350665957,13.785367735790597,4.0,0
275,7.206765667900552,8.158793584053129,0.0,0
276,6.8593196990879655,8.021228125620794,2.0,0
277,12.131923962719652,12.176132505534852,3.0,0
278,12.128316234207412,10.099495030888711,9.0,1
279,11.767964549056215,10.827536281607847,6.0,1
280,11.499934577596452,12.141097372105415,6.0,1
281,14.795113554867564,13.460074785445928,8.0,1
282,0.8039534622314708,5.731932195921502,4.0,0
283,8.245525998602956,6.258161336959216,7.0,1
284,-0.6939576795139462,2.315747157772166,5.0,0
285,8.468899145319016,9.095921973946435,6.0,0
286,-0.43383708454883974,1.5031918331543892,3.0,0
287,5.278573300857276,7.518372253854443,0.0,0
288,10.605255228070911,8.597024885906073,4.0,0
289,4.20245445152641,5.011577529795982,11.0,1
290,9.87111736336029,9.27166564796615,9.0,1
291,1.3458308976857036,1.427003499146692,9.0,1
292,2.348155273585002,1.5228746424890018,10.0,1
293,12.649309720769457,12.516407849235215,5.0,0
294,3.823092431911455,6.04266897975768,6.0,1
295,4.50238877476994,2.778847177126387,2.0,0
296,7.457206751898191,8.311405640767262,4.0,0
297,9.087023058699183,11.779909743380552,8.0,1
298,3.280855156484776,4.021494384955805,10.0,1
299,12.316781099263363,9.720466661466004,4.0,0
300,3.6657481237690943,2.194864509912752,3.0,0
301,1.1203759038349115,1.7235440963605078,5.0,1
302,7.834749013483189,8.438964841954071,7.0,1
303,8.01246306393542,8.568891702541492,0.0,0
304,13.516792632535147,9.924018620974891,0.0,0
305,11.826027004477849,11.165278672117262,3.0,0
306,15.405901162116034,14.661929112475484,0.0,0
307,10.010595251691822,8.228204876216735,3.0,0
308,5.934495866293313,5.521390621177444,5.0,0
309,11.684463814492036,12.132606726761852,3.0,0
310,4.451966278752026,4.791651517669039,11.0,1
311,7.021729711092575,7.1455998898789055,6.0,1
312,2.033994869629698,2.0983893387917236,6.0,1
313,2.6137095183083803,1.3549104078164051,7.0,1
314,14.566944187937578,14.47707780549095,0.0,0
315,13.971189020753833,12.703721687170882,9.0,1
316,10.603999201723925,10.743638885311771,5.0,0
317,6.861380101046615,6.725341221799779,8.0,1
318,-0.030766703248704896,3.426120480991841,1.0,0
319,4.775365474630497,3.1901185973952044,0.0,0
320,5.102825637607863,4.503400574304335,8.0,1
321,10.415730795942885,8.689173305885687,6.0,0
322,5.99382111352579,11.004342917800873,1.0,0
323,13.855651513318897,10.242763274048238,2.0,0
324,4.677584500534749,4.919074557243199,10.0,1
325,16.28527020224062,14.368113929284718,0.0,0
326,9.53151957981359,11.33055683374076,12.0,1
327,9.821055590917855,8.76095673515961,1.0,0
328,7.741681522990506,9.56409044728093,8.0,1
329,5.795280571985316,6.8744008739890585,4.0,0
330,7.779508095205745,4.468233853016205,7.0,1
331,5.653736947797072,5.983617501117662,3.0,0
332,11.98600441710209,11.609845546501168,4.0,0
333,2.706726014908127,1.2015088408165822,5.0,1
334,3.482546633289433,2.625016967096827,1.0,0
335,1.9042616942029258,1.6440369883045385,8.0,1
336,2.201585766732152,1.570203232465582,3.0,0
337,17.134357138616316,12.9764481761541,4.0,0
338,10.751529512452228,10.851210031320331,1.0,0
339,7.986334958039446,7.638433607222552,0.0,0
340,4.187310354207189,2.3696782491140205,4.0,0
341,9.795182115652965,7.882622251635653,15.0,1
342,9.682167219547377,7.62860479092792,8.0,1
343,4.529829462850701,3.4248261787402123,5.0,1
344,5.096524590307887,7.073923089331623,4.0,0
345,9.404902832444124,6.579066281563228,5.0,0
346,7.638723842808701,9.621901372731031,7.0,1
347,10.414870467010541,9.891311112147013,0.0,0
348,0.32935891627513403,1.6342561368086232,10.0,1
349,6.13361726516472,6.244576604770597,8.0,1
350,10.33079778982433,9.76203881999931,8.0,1
351,8.5998556028502,8.043907620121228,7.0,1
352,13.720780681463554,12.990857776636512,5.0,0
353,13.013431338136689,10.22171084266523,8.0,1
354,4.0656963207592005,3.2810819791400156,8.0,1
355,1.5655714845531956,1.9879624636060178,4.0,0
356,11.661740696027277,9.99386989488842,3.0,0
357,3.4289422934223337,1.3711583475827054,6.0,0
358,7.077096617641489,9.200858137828487,11.0,1
359,15.19672550078966,14.163223379949406,0.0,0
360,10.26966733446016,9.056638490262305,0.0,0
361,5.919594106078521,6.434378966891307,6.0,1
362,12.386007845222046,10.006035058192944,5.0,1
363,7.155944301314961,7.415540466881232,6.0,1
364,8.855882314928857,8.638635050423089,6.0,1
365,13.88109306686026,14.180507322871353,4.0,0
366,6.432388681526779,6.40543692921084,11.0,1
367,12.5601119932061,14.4566678935348,0.0,0
368,11.183620960496762,13.674908987384892,2.0,0
369,6.499569646429352,3.74107588705015,5.0,0
370,0.5058150796616092,1.9710582122523164,0.0,0
371,0.6957832547245617,2.410892019283973,4.0,0
372,-2.47025933741273,1.2551055591216962,12.0,1
373,1.2167976270801586,2.3222014505829973,5.0,0
374,8.273149485234025,10.562094827828997,6.0,0
375,4.837327305479124,1.9966410784432058,0.0,0
376,7.212642388675415,5.4656588241126585,2.0,0
377,11.637754256414901,12.828254353572364,3.0,0
378,5.222521043547216,1.3258071003015621,4.0,0
379,14.101013048740558,12.402558756245101,10.0,1
380,4.384008553357682,4.945966846827599,7.0,1
381,-1.669664300028094,2.6543075867031876,0.0,0
382,14.717650965680093,10.75432031509811,6.0,1
383,7.401239487417355,9.805199854918376,7.0,1
384,10.438068357143319,13.28460818937874,9.0,1
385,13.06004146063108,11.290994613254401,11.0,1
386,16.46950468835482,12.24873302538788,1.0,0
387,7.343275992021487,4.948484015998291,2.0,0
388,4.459716390606702,3.4841536129161197,0.0,0
389,12.537531534052961,11.508606522972016,4.0,0
390,13.772095266431629,12.295686349741697,7.0,1
391,16.18001844834053,14.867071988009426,9.0,1
392,7.26310864022699,6.776647476759971,5.0,0
393,6.388521110935709,6.208253201098964,4.0,0
394,11.761495339121781,11.869781450387956,6.0,0
395,4.4668908248029,5.77124956354225,2.0,0
396,13.545034675470388,14.030602558449907,13.0,1
397,10.088963237244148,13.017778525802164,0.0,0
398,6.83578882889534,7.005916383250257,6.0,1
399,9.801932333709876,11.512194949080964,13.0,1
400,9.654390718402269,11.563600237185552,5.0,0
401,2.7549510451985744,2.4437341637030565,4.0,0
402,16.04390464889009,13.635740693513933,4.0,0
403,9.662220942654002,8.07353321427,4.0,0
404,9.853438481240287,12.570404525508383,10.0,1
405,3.76863773816188,5.480694414428564,0.0,0
406,15.16485935416642,13.537325198946807,11.0,1
407,4.749120311457008,6.448823502278284,0.0,0
408,0.7631117712293245,1.151727120724177,4.0,0
409,14.626937801182166,13.67534766986969,3.0,0
410,0.6027775680917808,2.27801347500587,8.0,1
411,5.652690551898319,5.470390926265808,0.0,0
412,11.993003432502777,14.30086753871127,7.0,1
413,13.268134033090186,14.308500057125785,13.0,1
414,9.581353179792595,9.028130433726005,0.0,0
415,7.089841811367402,9.84572097037719,6.0,0
416,8.040258604367967,7.278237307696477,2.0,0
417,5.070977411629745,5.104950803772903,7.0,1
418,6.557111256320488,5.601303635178823,5.0,0
419,10.802629837010402,10.415258385078538,2.0,0
420,13.89320635598227,11.53324341212752,7.0,1
421,12.298745001742759,12.08210661216188,12.0,1
422,11.311782412977067,12.054653999123754,4.0,0
423,2.488460122927516,2.276885442681665,8.0,1
424,8.861789856069093,7.921884265836141,0.0,0
425,1.8903505618964884,1.80582264023302,1.0,0
426,8.763627978315014,8.693404352532298,7.0,1
427,5.966981399321591,7.181427019227279,11.0,1
428,12.281039971253056,13.427858558616197,7.0,0
429,3.486303055515632,5.912810175729102,4.0,0
430,5.665705995699887,2.638938229986482,5.0,0
431,0.8500001515127789,3.001883548739702,0.0,0
432,10.462422851857692,11.661148844044611,7.0,1
433,8.412208316992944,9.655052886427654,9.0,1
434,3.963936637832947,2.415717465719063,3.0,0
435,1.667232342164756,2.177495285609964,3.0,0
436,12.97216162615324,10.81356784042768,6.0,1
437,0.8535433091568168,2.0186820890987094,3.0,0
438,12.988700730712164,12.506040830064986,5.0,0
439,9.442240778051568,10.887391180190948,13.0,1
440,5.849990920034559,2.1388829289865967,4.0,0
441,0.1331827322716297,2.187727997192687,3.0,0
442,15.348943927709215,14.812954099016457,2.0,0
443,7.336225144598215,6.239791140585685,8.0,1
444,6.904862497527565,6.188990058936473,4.0,0
445,12.058646291746602,12.379193941605036,2.0,0
446,14.036890272835194,14.261480083374021,10.0,1
447,14.879808740044053,14.804014893520193,11.0,1
448,11.292981130807897,11.547294593625182,3.0,0
449,7.935145069488014,6.2676341974328205,0.0,0
450,5.9932148265344,2.1690100337813627,9.0,1
451,10.915596034920561,11.880056822984114,2.0,0
452,6.447900341629467,8.817659496301271,8.0,1
453,6.786380185809997,6.939108129457668,0.0,0
454,18.151858545468276,13.688961391326304,9.0,1
455,1.1664077496984848,2.556764752286119,0.0,0
456,10.732423533490266,7.8967514600720286,8.0,1
457,4.061373435096109,1.158951026743867,5.0,1
458,6.603541329762938,7.561248987917768,1.0,0
459,2.7725865865362493,1.788245859545723,3.0,0
460,5.480576985765378,2.6634508277530067,8.0,1
461,1.989476462971116,2.6453674548794686,5.0,0
462,9.736750206647804,10.08894422962489,8.0,1
463,10.438320328584773,11.444628309715926,13.0,1
464,7.411633567261575,9.167162711360234,0.0,0
465,13.347165525679394,14.470415678643587,11.0,1
466,4.130771451833153,6.248188113331857,5.0,0
467,5.058933608034511,4.99996920794605,1.0,0
468,11.828334104920993,13.160387794652443,0.0,0
469,4.534791366670331,4.130341739272337,4.0,0
470,11.793416084236284,14.485115552168558,9.0,1
471,1.7425854473884395,1.1701626456574288,5.0,0
472,16.020308677490387,14.578303573906947,11.0,1
473,-1.8449238943405524,1.6042387673080656,0.0,0
474,14.123121457609296,13.476003591772995,5.0,0
475,10.511682884186992,8.387815527208197,0.0,0
476,12.80882818333442,14.901507145670205,6.0,1
477,4.9267021355248115,2.033151906295584,8.0,1
478,9.47886286782175,8.753959981618491,3.0,0
479,13.350564988205338,14.570235498667385,0.0,0
480,8.226889314034253,8.323369818382083,6.0,0
481,10.777486492556257,9.811580933893676,7.0,1
482,10.871970972928112,10.74048164578464,7.0,1
483,8.295622773681044,7.363574906748825,10.0,1
484,8.193047805149584,9.785813121176888,1.0,0
485,9.47339459250582,9.180400366923404,8.0,1
486,11.17048606722823,13.616212146873846,10.0,1
487,1.4438282386471586,1.6362493247804102,0.0,0
488,3.3697244345571384,4.933484654291225,6.0,0
489,13.033293976391525,14.305760777071821,3.0,0
490,15.602134167586884,13.463692974472828,5.0,1
491,9.267161047628067,7.379194538999981,6.0,1
492,10.73566531839093,9.681856369221514,3.0,0
493,2.993635478852296,4.883336561735858,2.0,0
494,3.086309618160651,3.6336962361326584,5.0,0
495,9.590436690123738,7.491777669159751,1.0,0
496,6.192101452961775,5.946931192364739,1.0,0
497,13.18362567008054,9.171185565912209,8.0,1
498,2.768724779662051,2.088284917509788,0.0,0
499,14.973772278854087,14.641527307326331,8.0,1
500,14.272178939644112,14.80695042271444,7.0,1
501,11.00528976154978,10.774263996276431,0.0,0
502,8.241576311879344,8.505349128817684,2.0,0
503,6.558414638679849,5.333386628008588,10.0,1
504,14.048225283951911,12.393130275897281,1.0,0
505,9.226474649075557,10.58623641575431,3.0,0
506,0.9736041411735221,3.276637150828478,7.0,1
507,10.576345287445092,13.752980582913795,8.0,1
508,13.394346396483066,12.515521400924365,4.0,0
509,12.388374557406134,14.297198786086936,3.0,0
510,7.435572391629245,11.16007311743704,11.0,1
511,10.260053728939626,9.587812743101058,12.0,1
512,11.168291673227392,6.855402508068664,9.0,1
513,14.047696089992169,14.058198766956185,5.0,0
514,14.575483492807058,13.124894453005718,2.0,0
515,1.774626171773939,1.6330613814866517,2.0,0
516,1.1980585429408512,1.369137642961528,7.0,1
517,7.860489451861534,6.270487136292695,7.0,1
518,11.845571669499295,12.347746630945661,11.0,1
519,15.284454513753616,14.821865810409223,7.0,1
520,3.662373680168498,3.1058364754493946,0.0,0
521,8.162033530127419,9.317830014929893,9.0,1
522,8.048705257532486,6.332471992834301,1.0,0
523,14.276121190321387,14.578801569404444,3.0,0
524,11.4822257979773,12.789664923899922,6.0,1
525,13.664763895332728,12.73660186595593,13.0,1
526,6.00735462863109,7.561704237129584,18.0,1
527,6.856226434975905,6.807473032727312,7.0,1
528,4.811923142835415,4.827699007029887,4.0,0
529,3.6678562820016096,1.7892569531129796,7.0,1
530,13.927341210453063,13.106113267570745,9.0,1
531,12.337317489191987,12.380614127821087,4.0,0
532,16.410783123622327,14.996047426005829,12.0,1
533,17.357974778834627,14.952915719034674,6.0,1
534,9.741055708425506,8.776043878436784,7.0,1
535,11.783733844856195,11.765823812527147,8.0,1
536,11.957243536388217,14.226720218353993,7.0,1
537,11.052416832363367,12.89506346948376,8.0,1
538,3.9348346858711922,4.462873424404767,2.0,0
539,6.25316178460575,7.307617894341309,3.0,0
540,2.484771457956108,2.8082318121209298,1.0,0
541,14.45471875169411,14.356714381622114,7.0,1
542,10.402813347349465,9.48644488231232,8.0,1
543,4.07903639100625,4.200999277048478,7.0,1
544,11.245457425501323,10.403809581681994,12.0,1
545,9.76533610403205,9.653795366410542,5.0,0
546,2.59672089266757,6.014278052459767,8.0,1
547,0.9647560594883613,2.5898062907948063,1.0,0
548,10.1527532669008,10.402024738299195,3.0,0
549,6.19153590753799,8.284307812653106,8.0,1
550,12.850334187192383,11.81245748429895,8.0,1
551,10.930487955522505,8.282289015567908,4.0,0
552,15.038999007895919,12.930541004459561,5.0,0
553,8.357439576133537,8.726695742842796,0.0,0
554,11.432087818245824,8.853131601495408,4.0,0
555,13.530345138176484,13.273150437216831,9.0,1
556,6.06560139693935,6.648760126973558,7.0,1
557,1.8150265903831442,2.87621319830897,7.0,1
558,0.8796849107622836,1.4029574683867456,5.0,1
559,10.90037568335434,11.571921579430667,5.0,0
560,9.979153783658099,9.684333718948505,3.0,0
561,11.134909740605396,10.85711675338913,8.0,1
562,3.9867678759901577,3.9814982611247505,7.0,1
563,3.665103691875962,2.9092006582147767,7.0,1
564,3.263443374730717,1.203625319350347,3.0,0
565,7.550954477605847,5.908225823292358,0.0,0
566,6.6899741305465295,9.258847615964862,10.0,1
567,2.0731330680158706,6.491416631396253,3.0,0
568,8.741022354776149,7.124648908332206,2.0,0
569,11.293521574653798,13.658221722912478,8.0,1
570,5.486732393051862,5.875576538326205,3.0,0
571,6.1715573131546595,8.195852848237351,9.0,1
572,8.853716021362569,11.971142178376002,7.0,1
573,7.488329472292065,6.551598952497782,8.0,1
574,11.022552230513808,9.709213803190229,0.0,0
575,12.075728929197208,13.073091922454433,10.0,1
576,9.810785565796294,14.293288731206989,6.0,1
577,2.114025837529736,3.059028733006531,4.0,0
578,14.650047681607326,13.972226752260921,5.0,0
579,5.331111089134292,7.889628103113535,0.0,0
580,4.932634097403357,4.615421436185417,7.0,1
581,7.401414548266376,7.4279005873356585,1.0,0
582,15.722630348306561,14.720456053996678,0.0,0
583,8.10352735325666,7.896653315900174,0.0,0
584,3.919113276300024,5.602522544025115,9.0,1
585,11.937680658313731,9.86761196043416,2.0,0
586,4.087782501558045,4.362038662894703,11.0,1
587,2.014849740169113,2.062086593521295,3.0,0
588,1.18976253755246,2.804316106749089,0.0,0
589,2.0257634508475015,2.7926417454088144,1.0,0
590,1.5959290139055822,3.1266377091721207,10.0,1
591,2.64438373342422,2.943580417091742,4.0,0
592,12.933502097891258,9.972246427245004,3.0,0
593,1.1729322043167811,3.5463211815880276,6.0,0
594,3.047880748207323,5.839341966534085,7.0,1
595,16.100162405248106,13.555037738684165,9.0,1
596,7.273333002207485,7.635462963680213,11.0,1
597,9.188312501412724,10.345808339294381,4.0,0
598,5.21151330601803,3.4124781968228177,0.0,0
599,2.6443313795766157,3.692046263321391,3.0,0
600,4.731157432166904,1.572160627730704,6.0,1
601,4.537902640427239,3.3650908830103035,1.0,0
602,4.056178010355356,4.900264746447421,1.0,0
603,7.210289988823776,3.4781467798744554,6.0,1
604,1.1939486558030035,2.241835472598779,5.0,0
605,3.9727271889845124,2.6889021954084114,5.0,0
606,7.968678916561392,7.450902752458161,2.0,0
607,6.140684488341016,3.888672057681095,4.0,0
608,8.80119242501051,6.099778054673056,1.0,0
609,8.103208969851773,8.047841791967997,9.0,1
610,9.362114685112216,10.665527600811114,9.0,1
611,2.3461217650600563,1.550369957775385,0.0,0
612,11.019297995055453,12.191745584726597,1.0,0
613,13.273765391093768,9.79060545287271,0.0,0
614,2.3808325700573425,2.1446264472842067,2.0,0
615,12.598094453724933,13.230100737494881,5.0,0
616,14.211710536591676,13.892213607445385,0.0,0
617,-0.47543704291828237,1.8550914379680925,1.0,0
618,3.195394787437425,4.876287074060852,1.0,0
619,14.363533977846714,12.286817917102859,6.0,1
620,10.339208562750702,11.475635665371216,5.0,1
621,1.772138270949527,3.5832942709892825,2.0,0
622,4.859299788586149,3.9308905267139442,6.0,1
623,8.237877626646332,6.186609439079348,3.0,0
624,9.027111020124863,7.783321792674299,4.0,0
625,11.378729297868206,9.655566801424143,12.0,1
626,4.855535450751647,6.164790953976814,10.0,1
627,5.01575357240068,7.47548602586407,0.0,0
628,14.061900351755584,11.464593133872592,8.0,1
629,0.9553287192714758,1.5135648404683706,8.0,1
630,4.100176102349058,4.534117220816291,1.0,0
631,13.284670067782605,10.986894202383734,8.0,1
632,14.495173643883932,13.53289572762079,11.0,1
633,8.952170035320506,8.163484189619325,1.0,0
634,12.195042850393294,8.449588793714419,1.0,0
635,1.3871216201992174,2.5004081587568647,9.0,1
636,8.868936557108906,7.263773135528365,6.0,1
637,8.555274436442282,8.456641730370325,7.0,1
638,4.85925169331965,4.394587050886216,6.0,0
639,7.413655610985014,4.769405233291334,6.0,1
640,7.160534141845766,6.281978283464717,0.0,0
641,2.212248985644034,1.2809967688881692,9.0,1
642,7.364546011710454,5.509108318164496,10.0,1
643,3.3289038758424336,3.9602720979516253,4.0,0
644,4.133130205994324,5.584962930490805,5.0,1
645,0.869149939813129,2.676669845469517,0.0,0
646,10.065585030738045,13.46738193035853,7.0,1
647,12.867532684553439,9.310294349756681,7.0,1
648,8.598881995324342,10.507432468022854,5.0,0
649,11.66562857169935,12.048397340502737,10.0,1
650,7.499303776198969,7.978190785006802,4.0,0
651,2.748697620433676,2.2168840332239315,7.0,1
652,9.930716963152651,8.519491585459669,1.0,0
653,10.704394787154667,9.215775652292308,5.0,0
654,10.427428669856356,11.43615263858062,4.0,0
655,6.754113082365019,7.043233647215511,6.0,1
656,3.274987553482651,2.7861242391378926,4.0,0
657,4.542627032884607,4.972862681182143,5.0,1
658,8.86385999609548,6.083152149580892,8.0,1
659,10.892228044976592,10.042841378642418,3.0,0
660,10.26223483523095,8.990896265364766,0.0,0
661,7.132138757364471,5.985354162569847,12.0,1
662,16.841323256551327,14.811213483101715,10.0,1
663,9.794014767553833,9.48084747099642,0.0,0
664,2.0776558143403077,4.321175084303922,8.0,1
665,3.1164147732177225,2.4249546166856524,3.0,0
666,2.013180522320784,3.1400279485806486,6.0,1
667,3.528901337956035,4.443408197383114,6.0,1
668,4.263948978080091,3.2495392256337796,4.0,0
669,5.75416805029847,3.6119383367182807,2.0,0
670,5.028132189467247,4.99133236171386,2.0,0
671,3.961511445922775,3.4272303341265675,1.0,0
672,16.499547798988914,13.554715944769953,2.0,0
673,2.539775439778214,2.123272439262991,5.0,1
674,12.84407124151565,8.343159453983565,2.0,0
675,7.723887264797832,6.745555577855261,7.0,1
676,11.707181063380924,14.753300636720489,11.0,1
677,3.871825634863574,2.568544630352733,3.0,0
678,7.229382392487588,6.569978386640383,6.0,0
679,16.803858330418315,14.572586065855164,7.0,1
680,14.281703500212751,13.117099762515723,7.0,1
681,12.19948014099799,12.439008993289919,5.0,1
682,2.492603629848555,4.610639578629158,8.0,1
683,3.0308159883560974,3.3924262234609213,7.0,1
684,8.889604693159944,10.361005078942034,0.0,0
685,13.006958279624032,14.011263847786202,8.0,1
686,9.812921141842672,8.794680502195018,8.0,1
687,11.891512445106532,9.002577652578598,2.0,0
688,5.602489057837736,4.919707311243979,5.0,1
689,9.704023367366247,11.772901064687117,8.0,1
690,4.3877750958261705,3.618612479805327,4.0,0
691,7.601681781556389,5.531509309659412,9.0,1
692,5.901185716157304,6.956110140629835,14.0,1
693,7.874695603238223,8.10654530158237,2.0,0
694,4.419146830692635,4.393736253811124,0.0,0
695,1.2498414647165743,2.6077155463488495,6.0,1
696,10.670205744732733,9.548680594182857,8.0,1
697,4.831587448272119,5.040827745363581,4.0,0
698,9.863126227875728,9.137335099916571,11.0,1
699,1.6257165462411989,3.161078013838832,0.0,0
700,6.9791585664079445,7.735961425967445,8.0,1
701,9.705971804764248,8.456252055722203,3.0,0
702,1.0805281623952199,1.7255295155139767,12.0,1
703,8.700107357348678,5.712459894714888,13.0,1
704,2.190434876032377,2.8818054771456394,2.0,0
705,2.275954162169511,1.8872495866187484,3.0,0
706,16.472825392599677,14.859443253459233,8.0,1
707,3.059181111671977,5.512953829646122,4.0,0
708,9.292042997238147,12.338242241964888,5.0,0
709,1.9255837424864302,4.564969166692694,5.0,1
710,12.725308610064033,10.541038111135009,0.0,0
711,10.688475446061679,11.64319003845561,5.0,0
712,13.764627132715896,9.33894236850982,2.0,0
713,6.625918294024935,7.602066639702217,3.0,0
714,7.085046552592633,6.765772798061759,11.0,1
715,8.552005949544359,5.884155731601934,0.0,0
716,17.483948715984845,14.013408019469562,8.0,1
717,16.195072896609176,12.628671709028207,4.0,0
718,16.600850328257312,14.510376749331176,4.0,0
719,4.511789298451456,2.7401611287976264,8.0,1
720,12.257216274969066,11.23214465285102,6.0,1
721,15.483331057262813,14.13676639549453,7.0,1
722,2.5837116370708793,3.537262926319242,9.0,1
723,0.5154636748142936,1.930947743134885,4.0,0
724,11.36985127873988,11.375689090060828,3.0,0
725,8.748204187550641,9.042623584518767,1.0,0
726,12.001518349279623,12.785602874615808,2.0,0
727,4.16156355686817,2.956813272768053,17.0,1
728,13.786420376865447,12.133742366038463,10.0,1
729,3.975726393953319,3.8227824806684234,0.0,0
730,5.847310240345466,3.291183200119863,0.0,0
731,1.3245990035829374,3.299721171033901,7.0,1
732,12.069015218685436,12.404046083239349,7.0,1
733,9.07265847510395,10.312761089746802,7.0,1
734,5.093807599231277,8.32291594676767,4.0,0
735,5.880589191221166,6.023626777729035,5.0,0
736,13.070184381880436,13.280807571383516,6.0,1
737,9.112499559725782,6.494231503916895,5.0,0
738,13.523696366881843,12.432392152602079,0.0,0
739,5.3760455138935335,7.147888719983058,4.0,0
740,9.484802151706852,6.277222011948706,1.0,0
741,9.58990529263335,7.47751699937449,6.0,0
742,6.226319265298694,5.219290238297989,17.0,1
743,11.074713831457306,11.466531322467516,6.0,1
744,6.378255581763088,8.038085461294708,4.0,1
745,3.607060009452521,4.250977732055443,9.0,1
746,15.4775791379322,13.594044025843958,7.0,1
747,9.634811408491833,6.3744770992249595,7.0,1
748,11.279551359506726,8.60974005559584,8.0,1
749,12.844900053813403,13.690609553503657,13.0,1
750,7.8023937832059005,9.73933194279589,0.0,0
751,2.8803057770734797,2.6365725699170968,7.0,1
752,11.098249628164918,14.157649730588652,1.0,0
753,10.346992888539523,9.78791274299985,7.0,1
754,5.433326130902509,5.688678605199206,1.0,0
755,2.1435658690553625,2.9498090172874214,4.0,0
756,9.357516343412588,12.116352649784144,4.0,0
757,10.5695467673648,9.68101858299919,9.0,1
758,7.5468828350533945,8.468455287668501,9.0,1
759,11.490540036934608,13.514496162713407,0.0,0
760,7.071347328166178,12.040360957143431,5.0,1
761,3.0758475305209156,3.1234483162585165,2.0,0
762,8.430104211376332,5.364108949137675,0.0,0
763,7.352826398570334,4.47884795740252,4.0,0
764,10.624471572123229,11.415248096017478,4.0,0
765,0.427627221875031,1.4694540863009113,15.0,1
766,9.789435051208223,8.978455588198432,7.0,1
767,9.947214790573923,11.674421600369667,0.0,0
768,13.796818901352168,13.274718914664492,3.0,0
769,7.114463363628219,5.789144482022705,9.0,1
770,14.620196742728032,12.49760226540818,13.0,1
771,2.375577765062583,2.548844317372901,0.0,0
772,12.497976496477103,12.850332084283254,0.0,0
773,1.2659313975589033,2.784841272647754,13.0,1
774,5.131519055356184,6.562022067845142,7.0,1
775,11.77032663792411,12.162135120913751,1.0,0
776,3.734386309674821,3.098843982882833,7.0,1
777,5.790020936640502,4.209519533256981,0.0,0
778,9.722036372825931,11.111535957502928,5.0,0
779,13.662862735945012,11.08051151164504,6.0,1
780,9.507023030590519,9.976066860394162,9.0,1
781,10.678312803316606,10.7152782225394,1.0,0
782,7.305466001940611,8.598142206866346,5.0,1
783,0.33125117442514984,4.525186824697339,1.0,0
784,7.369142444759489,5.839743909054873,6.0,1
785,4.817107977189869,3.542368035219959,2.0,0
786,13.231611184856288,13.718307858670796,3.0,0
787,9.283379067524715,9.167485126725687,1.0,0
788,7.50449468131905,6.6119198346909585,8.0,1
789,4.7648769186041395,7.468081251017858,8.0,1
790,13.346705622756325,14.261966754565414,4.0,0
791,4.5209975393708834,3.1469196436251226,5.0,0
792,7.03729694615236,9.207217648235162,0.0,0
793,8.590296727030792,8.082441504382523,4.0,0
794,7.213472774086579,9.56035929608507,5.0,0
795,2.0604664431017676,1.2535425734917671,15.0,1
796,13.148074960843475,13.209734725218121,1.0,0
797,11.255477913254042,14.049655954770573,11.0,1
798,10.926863653459831,8.911864570248925,9.0,1
799,9.482268106415868,10.753111534276492,6.0,1
800,12.51325462044726,13.914991336482139,12.0,1
801,11.248325591597112,10.90134088038758,7.0,1
802,5.122689215311336,3.1355466007996586,7.0,1
803,7.310665295502757,9.068037042335384,5.0,0
804,9.600716789596973,9.494010649359982,10.0,1
805,7.679681943805296,6.937829398233404,9.0,1
806,12.509291999311358,11.31021929874612,2.0,0
807,14.386382097395808,14.081138206766209,0.0,0
808,13.32300101908072,13.957959180694868,4.0,0
809,5.8800201179355644,7.3117511996578495,2.0,0
810,2.734361559440802,2.5853326417705738,5.0,0
811,12.932976294737584,14.787776785472683,10.0,1
812,7.6906368737974065,12.744573210243077,3.0,0
813,3.500525998038501,2.7452775368457356,5.0,0
814,15.45559363172233,13.891786356643212,5.0,0
815,9.090675955382416,13.178549068869795,9.0,1
816,6.516898680616817,8.263732799765009,0.0,0
817,10.348992971968002,9.277856100429009,2.0,0
818,10.145505016783062,6.586037854181823,6.0,1
819,1.8026360577868943,1.7666629435084387,10.0,1
820,4.43331629471621,5.692761383042613,3.0,0
821,11.923537437260787,12.239948280372161,0.0,0
822,3.4433845271908,1.06484832206444,7.0,1
823,4.551470373790572,5.6689884036760185,3.0,0
824,5.191759538768268,6.574361710273206,0.0,0
825,7.688392147756004,8.52353844113092,3.0,0
826,12.228720137491074,13.877978629778646,4.0,0
827,6.061063567794453,5.848843921123457,3.0,0
828,8.668038559699527,5.8573448265471875,0.0,0
829,11.883944616027208,11.325017473536477,8.0,1
830,6.894479613778823,7.3310511724573,10.0,1
831,3.6396340259358557,4.144467521159747,8.0,1
832,4.629833126812491,7.334153225857707,0.0,0
833,4.499778199781783,2.971998285317198,4.0,0
834,3.3347594602549786,3.4694178110871263,5.0,0
835,7.664918567840934,7.977148818352717,7.0,1
836,12.389032385435279,6.8649562930636705,8.0,1
837,14.324685146426038,13.807842614953401,2.0,0
838,4.772916070968194,6.073514587632864,5.0,0
839,8.390638262457019,9.128236903892608,7.0,1
840,11.83851110778381,9.851700030873426,11.0,1
841,1.3792802024670034,1.183322392236671,8.0,1
842,7.801302305744904,10.289523208233948,8.0,1
843,5.082769592991623,3.49250353617652,5.0,0
844,13.299095176589912,14.454984444572371,11.0,1
845,6.322083341399935,3.0812781885435814,7.0,1
846,8.673220885864675,6.804737732178332,1.0,0
847,1.4210284736113745,2.194895353101014,11.0,1
848,17.172397831645007,14.956239525843262,8.0,1
849,8.148120177849803,8.030730144637396,3.0,0
850,10.810688700442054,9.335390242480614,3.0,0
851,2.777658457357426,1.9390706834379847,6.0,0
852,10.035249572454278,11.499446585588489,7.0,1
853,2.8253370934289914,3.9386783033382007,6.0,1
854,15.354592266585403,13.572760052169993,6.0,1
855,3.292793642203785,3.8719549667481004,12.0,1
856,2.971316247882678,3.669628089291332,9.0,1
857,-0.14066671240105233,1.5116953498733283,6.0,1
858,8.341763615016678,7.60893723153999,9.0,1
859,12.47594397596727,8.90777586567663,1.0,0
860,0.07308901033704096,1.9199209519969331,7.0,0
861,11.899286293774018,11.857386633730147,12.0,1
862,9.789185247341079,7.346043686472386,4.0,0
863,8.203684163731033,8.34146377058612,2.0,0
864,7.953281664647234,7.170678457135194,2.0,0
865,4.7727420485604615,6.6106828522545635,1.0,0
866,9.575935916484282,8.83496463831505,2.0,0
867,2.8496038645721056,3.173363443029975,4.0,0
868,5.252306719459959,3.5469938269337957,0.0,0
869,15.119176563396262,13.064998694189242,5.0,0
870,18.72556157056306,14.245616469870859,9.0,1
871,7.229095817576027,6.226330427916541,1.0,0
872,5.3540530516969005,4.790425424009753,11.0,1
873,10.352278447075012,10.015993605346221,7.0,1
874,6.111300708810859,6.722278395373349,9.0,1
875,1.9409860284335538,1.355408979244828,2.0,0
876,2.675091923586144,3.186136363126665,8.0,1
877,11.315048692809997,11.023611203863565,1.0,0
878,12.50437892334389,10.224935186742119,8.0,1
879,-0.3619747428850102,1.3793438950487689,6.0,1
880,6.079600177814541,4.107610267061292,7.0,1
881,6.513656218730967,4.235047152232999,0.0,0
882,10.202239858687632,10.406498410382198,1.0,0
883,-2.3948614467237705,1.2759475285610982,7.0,1
884,1.4059881101106655,2.4575201477840336,1.0,0
885,14.442625760775371,12.198825195224652,7.0,1
886,3.4600635209836046,3.4996252687606706,0.0,0
887,8.409652648056051,10.138445509926246,8.0,1
888,3.4612983209293553,4.334558934654171,0.0,0
889,3.8464521444837088,2.3921794986308322,7.0,1
890,5.350259746980743,4.404410673992357,8.0,1
891,10.698384514415658,11.111737045979229,2.0,0
892,12.34514432104859,12.979750553488,7.0,1
893,11.94533650609207,12.623078103937882,6.0,1
894,4.964799795475958,6.560569414658367,3.0,0
895,13.147791854771182,10.353191911989047,1.0,0
896,3.3121657240858755,3.8697801358214936,0.0,0
897,7.209752464682294,5.104068223654186,6.0,1
898,16.18057822912152,13.548701459295676,0.0,0
899,2.909104782946276,1.1820269291503045,6.0,1
900,1.4504162909603293,2.197119431962553,4.0,0
901,4.608860628326717,3.9104075720443827,8.0,1
902,1.329592455177191,1.371450854233476,4.0,0
903,1.9766918721940407,3.5400960912571624,4.0,0
904,9.723723410954065,9.162581853575691,8.0,1
905,4.860204869588513,6.8999437082949715,6.0,1
906,15.552089297116153,13.497403955077647,6.0,1
907,11.640421940011953,12.444209864338173,7.0,1
908,6.133449128430276,5.785442923770264,0.0,0
909,5.122016085812921,4.6319280680380945,8.0,1
910,5.867788109833683,6.315693714341736,7.0,1
911,10.279109471759535,9.264129195207309,1.0,0
912,3.9313076455633005,4.752890971520268,4.0,0
913,11.245429034488907,9.738084709887875,5.0,1
914,4.4032182838504905,6.731763130677366,5.0,0
915,8.947297204543016,8.728660531927723,6.0,1
916,10.460118576265266,7.105771407894434,11.0,1
917,3.3919474420192035,5.122520633586848,9.0,1
918,13.1058474984622,14.278346297470193,0.0,0
919,12.579541698146574,11.69048111823665,8.0,1
920,3.2722609434858403,2.961584460730336,10.0,1
921,13.765141734314037,13.15855166257078,7.0,1
922,8.670330510648649,7.824036775493191,10.0,1
923,14.621799317129142,13.52373117651728,13.0,1
924,14.11775430984668,12.197973583262414,9.0,1
925,7.661975339055595,6.9529890625692685,6.0,1
926,0.8971945739915652,1.3145703164816436,9.0,1
927,5.92503553446997,4.761483031389245,6.0,1
928,11.86967475262086,8.582879005252137,5.0,0
929,9.63923869632421,9.868695077566063,4.0,0
930,2.924491898984622,4.610427596064832,11.0,1
931,4.866234594886,2.950985037019538,2.0,0
932,12.480763901550462,12.689023315190187,11.0,1
933,11.022912215245448,14.78163052984973,7.0,1
934,9.82570205370783,8.359662552237602,0.0,0
935,2.4773922401759627,3.403510001876249,7.0,1
936,4.655679992884967,4.812302571271165,0.0,0
937,1.8317954435489294,1.2574694716645343,8.0,1
938,14.129747737864772,13.800183291846986,9.0,1
939,3.875866804112514,2.648515160461976,3.0,0
940,8.31783923611372,9.07123065719955,5.0,1
941,5.724446120465507,4.836773089620884,13.0,1
942,8.309476283000931,8.758492035221108,3.0,0
943,11.39802756886148,10.119885436926099,1.0,0
944,13.680970999243405,12.616385251900823,11.0,1
945,2.2715888501112955,3.889897804648445,13.0,1
946,3.0326906622015324,1.1539416012187267,5.0,0
947,1.9891820609159987,2.916398820963302,9.0,1
948,14.998200976899852,13.600260985873472,10.0,1
949,13.869868138059534,13.234461085875214,2.0,0
950,12.543841191239878,9.363783430384316,3.0,0
951,9.020639896567843,9.407236046071148,10.0,1
952,9.706195386363094,10.310513443647576,12.0,1
953,3.421601982542517,3.4551979007282942,7.0,1
954,13.27726621864614,13.801767242949436,1.0,0
955,8.24668683884877,6.862787348489023,13.0,1
956,3.567722042897668,6.363939395492965,3.0,0
957,6.441977288836533,8.264847873959726,4.0,0
958,-0.1897755194812334,1.6575235348507706,6.0,1
959,4.971999296699398,3.3279671625851117,11.0,1
960,14.291831764535917,11.332470629969187,8.0,1
961,1.978484202881945,2.1591813509517706,7.0,1
962,9.152067951410716,9.444129532529434,7.0,1
963,4.556077777724298,4.434887535538493,5.0,0
964,8.460188060099842,6.450138596587672,7.0,1
965,3.437391392640105,5.041712314789798,0.0,0
966,6.391796370640467,5.979418030509288,4.0,0
967,12.75373457210304,11.066642672579437,6.0,1
968,6.026596932720382,5.15970401872445,0.0,0
969,9.257641160872387,8.929664964156562,7.0,1
970,9.39651537092855,7.664705630787395,4.0,0
971,5.614804448188394,10.291396315077074,12.0,1
972,15.288340653335082,14.115616350546611,11.0,1
973,10.124458429133062,11.256009360943505,3.0,0
974,0.842170388708924,4.0091653002705945,4.0,0
975,2.320944388036202,1.4365638908579854,5.0,0
976,7.048125903329468,4.671696620197551,3.0,0
977,9.09330509949766,9.331091029803568,6.0,0
978,3.368434355440589,1.7199613887795049,2.0,0
979,10.738368847137664,7.949127460817309,1.0,0
980,11.630601889536852,9.355799884836449,7.0,1
981,8.516553107249962,5.679414471437451,8.0,1
982,13.076651411995881,11.792770852441507,2.0,0
983,2.622875739172561,2.4923755438728055,9.0,1
984,-0.7194719102807787,2.0519289443013227,3.0,0
985,10.768954482385636,11.194642586850447,6.0,0
986,6.478061816989767,7.9368784268867785,8.0,1
987,14.393364451259522,10.637633549988305,5.0,0
988,6.783300284944505,7.087582740452447,7.0,1
989,4.662772781084655,4.449628465347495,3.0,0
990,13.421502147988805,12.467432447438796,4.0,0
991,12.267254537790055,12.19182230556571,4.0,0
992,13.658188891907177,10.725750591961974,2.0,0
993,3.732848525418876,4.810031921219478,4.0,0
994,9.599900233727649,9.26322933616722,0.0,0
995,4.769160443902752,6.053634557160375,3.0,0
996,-0.0014899178389429224,2.282149026572878,4.0,0
997,12.784029529205254,13.842390056471398,4.0,0
998,2.8513871739717067,2.9154608328654597,4.0,0
999,13.560630105076374,14.303322953491234,5.0,0
1000,6.046192526229609,7.24408082141138,7.0,0
